<?xml version="1.0" encoding="utf-8"?>
<Keyboard
    keyWidth="9.1%p"
    horizontalGap="0%p"
    verticalGap="0%p"
    keyHeight="25%p"
    >
    <Row>
        <Key codes="113" keyLabel="q" keyEdgeFlags="left"/>
        <Key codes="119" keyLabel="w"/>
        <Key codes="101" keyLabel="e"/>
        <Key codes="114" keyLabel="r"/>
        <Key codes="116" keyLabel="t"/>
        <Key codes="121" keyLabel="y"/>
        <Key codes="117" keyLabel="u"/>
        <Key codes="105" keyLabel="i"/>
        <Key codes="111" keyLabel="o"/>
        <Key codes="112" keyLabel="p"/>
        <Key codes="112" keyLabel="å" keyEdgeFlags="right"/>
    </Row>
    
    <Row>
        <Key codes="97" keyLabel="a" keyEdgeFlags="left"/>
        <Key codes="115" keyLabel="s"/>
        <Key codes="100" keyLabel="d"/>
        <Key codes="102" keyLabel="f"/>
        <Key codes="103" keyLabel="g"/>
        <Key codes="104" keyLabel="h"/>
        <Key codes="106" keyLabel="j"/>
        <Key codes="107" keyLabel="k"/>
        <Key codes="108" keyLabel="l"/>
        <Key codes="108" keyLabel="ö"/>
        <Key codes="108" keyLabel="ä" keyEdgeFlags="right"/>
    </Row>
    
    <Row>
        <Key codes="-1" keyIcon="@drawable/sym_keyboard_shift" 
                keyWidth="18.2%p" isModifier="true"
                isSticky="true" keyEdgeFlags="left"/>
        <Key codes="122" keyLabel="z"/>
        <Key codes="120" keyLabel="x"/>
        <Key codes="99" keyLabel="c"/>
        <Key codes="118" keyLabel="v"/>
        <Key codes="98" keyLabel="b"/>
        <Key codes="110" keyLabel="n"/>
        <Key codes="109" keyLabel="m"/>
        <Key codes="-5" keyIcon="@drawable/sym_keyboard_delete" 
                keyWidth="18.2%p" keyEdgeFlags="right"
                isRepeatable="true"/>
    </Row>
    
    <Row rowEdgeFlags="bottom">
        <Key codes="-2" keyLabel="123" keyWidth="24.27%p"/>
        <Key codes="32" keyLabel=" "
                keyWidth="51.46%p" isRepeatable="true"/>
        <Key codes="10" keyIcon="@drawable/sym_keyboard_return" 
                keyWidth="24.27%p" keyEdgeFlags="right"/>
    </Row>
</Keyboard>