<?xml version="1.0" encoding="utf-8"?>
<Keyboard
    keyWidth="12%p"
    horizontalGap="2%p"
    verticalGap="4%p"
    keyHeight="20%p"
    >
    <Row>
    	<Key codes="113" keyLabel="q"/>
    	<Key codes="102" keyLabel="f"/>
    	<Key codes="117" keyLabel="u"/>
    	<Key codes="109" keyLabel="m"/>
    	<Key codes="99" keyLabel="c"/>
    	<Key codes="107" keyLabel="k"/>
    	<Key codes="122" keyLabel="z"/>
    	<Key codes="-5" keyLabel="delete"/>
    </Row>
    	
    <Row>
    	<Key codes="33" keyLabel="_" keyWidth="24%p"/>
    	<Key codes="111" keyLabel="o"/>
    	<Key codes="116" keyLabel="t"/>
    	<Key codes="104" keyLabel="h"/>
    	<Key codes="33" keyLabel="__" keyWidth="24%p"/>
    	<Key codes="-1" keyLabel="shift"/>
    </Row>
    <Row>
		<Key codes="98" keyLabel="b"/>
		<Key codes="115" keyLabel="s"/>
		<Key codes="114" keyLabel="r"/>
		<Key codes="101" keyLabel="e"/>
		<Key codes="97" keyLabel="a"/>
		<Key codes="119" keyLabel="w"/>
		<Key codes="120" keyLabel="x"/> 
		<Key codes="10" keyLabel="return"/>   	
    </Row>
    <Row>
    	<Key codes="32" keyLabel="___" keyWidth="24%p"/>
    	<Key codes="105" keyLabel="i"/>
    	<Key codes="110" keyLabel="n"/>
    	<Key codes="100" keyLabel="d"/>
    	<Key codes="32" keyLabel=" " keyWidth="24%p"/>
    	<Key codes="-2" keyLabel="123"/>
    </Row>
    <Row>
        <Key codes="106" keyLabel="j"/>
        <Key codes="112" keyLabel="p"/>
        <Key codes="118" keyLabel="v"/>
        <Key codes="103" keyLabel="g"/>
        <Key codes="108" keyLabel="l"/>
    	<Key codes="121" keyLabel="y"/> 
        <Key codes="46" keyLabel=".,"/> 
    </Row>
</Keyboard>